version_from,version_to,tag_from,tag_to,change_type,module
1,2,0.115.6,0.115.7,module_removed,docs_src.sql_databases_peewee.sql_app
1,2,0.115.6,0.115.7,module_removed,docs_src.sql_databases_peewee.sql_app.crud
1,2,0.115.6,0.115.7,module_removed,docs_src.sql_databases_peewee.sql_app.database
1,2,0.115.6,0.115.7,module_removed,docs_src.sql_databases_peewee.sql_app.main
1,2,0.115.6,0.115.7,module_removed,docs_src.sql_databases_peewee.sql_app.models
1,2,0.115.6,0.115.7,module_removed,docs_src.sql_databases_peewee.sql_app.schemas
3,4,0.115.8,0.115.9,module_removed,docs_src.query_params_str_validations.tutorial006b
3,4,0.115.8,0.115.9,module_removed,docs_src.query_params_str_validations.tutorial006b_an
3,4,0.115.8,0.115.9,module_removed,docs_src.query_params_str_validations.tutorial006b_an_py39
3,4,0.115.8,0.115.9,module_removed,docs_src.query_params_str_validations.tutorial006d
3,4,0.115.8,0.115.9,module_removed,docs_src.query_params_str_validations.tutorial006d_an
3,4,0.115.8,0.115.9,module_removed,docs_src.query_params_str_validations.tutorial006d_an_py39
5,6,0.115.10,0.115.11,module_added,docs_src.query_params_str_validations.tutorial015_an
5,6,0.115.10,0.115.11,module_added,docs_src.query_params_str_validations.tutorial015_an_py310
5,6,0.115.10,0.115.11,module_added,docs_src.query_params_str_validations.tutorial015_an_py39
6,7,0.115.11,0.115.12,module_added,docs_src.header_param_models.tutorial003
6,7,0.115.11,0.115.12,module_added,docs_src.header_param_models.tutorial003_an
6,7,0.115.11,0.115.12,module_added,docs_src.header_param_models.tutorial003_an_py310
6,7,0.115.11,0.115.12,module_added,docs_src.header_param_models.tutorial003_an_py39
6,7,0.115.11,0.115.12,module_added,docs_src.header_param_models.tutorial003_py310
6,7,0.115.11,0.115.12,module_added,docs_src.header_param_models.tutorial003_py39
11,12,0.116.1,0.116.2,module_added,docs_src.app_testing.tutorial004
11,12,0.116.1,0.116.2,module_added,docs_src.behind_a_proxy.tutorial001_01
14,15,0.117.1,0.118.0,module_added,docs_src.dependencies.tutorial013_an_py310
14,15,0.117.1,0.118.0,module_added,docs_src.dependencies.tutorial014_an_py310
14,15,0.117.1,0.118.0,module_added,fastapi.middleware.asyncexitstack
18,19,0.118.3,0.119.0,module_added,docs_src.pydantic_v1_in_v2.tutorial001_an
18,19,0.118.3,0.119.0,module_added,docs_src.pydantic_v1_in_v2.tutorial001_an_py310
18,19,0.118.3,0.119.0,module_added,docs_src.pydantic_v1_in_v2.tutorial002_an
18,19,0.118.3,0.119.0,module_added,docs_src.pydantic_v1_in_v2.tutorial002_an_py310
18,19,0.118.3,0.119.0,module_added,docs_src.pydantic_v1_in_v2.tutorial003_an
18,19,0.118.3,0.119.0,module_added,docs_src.pydantic_v1_in_v2.tutorial003_an_py310
18,19,0.118.3,0.119.0,module_added,docs_src.pydantic_v1_in_v2.tutorial004_an
18,19,0.118.3,0.119.0,module_added,docs_src.pydantic_v1_in_v2.tutorial004_an_py310
18,19,0.118.3,0.119.0,module_added,docs_src.pydantic_v1_in_v2.tutorial004_an_py39
18,19,0.118.3,0.119.0,module_added,fastapi._compat.main
18,19,0.118.3,0.119.0,module_added,fastapi._compat.model_field
18,19,0.118.3,0.119.0,module_added,fastapi._compat.shared
18,19,0.118.3,0.119.0,module_added,fastapi._compat.v1
18,19,0.118.3,0.119.0,module_added,fastapi._compat.v2
18,19,0.118.3,0.119.0,module_added,fastapi.temp_pydantic_v1_params
19,20,0.119.0,0.119.1,module_added,fastapi._compat.may_v1
